{
    "location": "38.045887, 23.864028",
    "window_hours": 2,
    "min_altitude": 30,
    "min_sma": 500,
    "max_sma": 600
}
